,sensor,date,class,reason,speed,feat1,feat2,feat3,feat4,feat5,feat6
0,200045590,1/27/2017 13:41,0,Congestion ,93,3060,0.3,9,6.0,6.0,7.0
1,200045590,1/27/2017 13:42,0,Congestion ,93,3060,0.4,9,6.0,6.0,7.0
2,200045590,1/27/2017 13:43,0,Congestion ,93,3060,0.3,9,6.0,6.0,7.0
3,200045590,1/27/2017 13:44,0,Congestion ,93,3060,0.4,9,6.0,6.0,7.0
4,200045590,1/27/2017 13:45,0,Congestion ,93,3060,0.4,9,6.0,6.0,7.0
5,200045590,1/27/2017 13:46,0,Congestion ,92,3000,0.4,9,6.0,6.0,7.0
6,200045590,1/27/2017 13:47,0,Congestion ,92,2940,0.3,9,6.0,6.0,7.0
7,200045590,1/27/2017 13:48,0,Congestion ,92,2940,0.4,9,6.0,6.0,7.0
8,200045590,1/27/2017 13:49,0,Congestion ,92,2940,0.4,9,6.0,6.0,7.0
9,200045590,1/27/2017 13:50,0,Congestion ,92,2940,0.4,9,6.0,6.0,7.0
10,200045590,1/27/2017 13:51,0,Congestion ,92,2880,0.4,9,6.0,6.0,7.0
11,200045590,1/27/2017 13:52,0,Congestion ,92,2940,0.4,9,6.0,6.0,7.0
12,200045590,1/27/2017 13:53,0,Congestion ,92,2940,0.4,9,6.0,6.0,7.0
13,200045590,1/27/2017 13:54,0,Congestion ,92,2940,0.3,9,6.0,6.0,7.0
14,200045590,1/27/2017 13:55,0,Congestion ,92,2940,0.3,9,6.0,6.0,8.0
15,200045590,1/27/2017 13:56,0,Congestion ,92,2940,0.3,9,6.0,6.0,8.0
16,200045590,1/27/2017 13:57,0,Congestion ,92,3120,0.3,10,6.0,6.0,8.0
17,200045590,1/27/2017 13:58,0,Congestion ,92,3120,0.3,10,6.0,6.0,8.0
18,200045590,1/27/2017 13:59,0,Congestion ,90,3120,0.3,10,6.0,6.0,8.0
19,200045590,1/27/2017 14:00,0,Congestion ,90,3120,0.3,10,6.0,6.0,8.0
20,200045590,1/27/2017 14:01,0,Congestion ,90,3180,0.3,10,6.0,6.0,8.0
21,200045590,1/27/2017 14:02,0,Congestion ,90,3240,0.3,10,6.0,6.0,8.0
22,200045590,1/27/2017 14:03,0,Congestion ,90,3240,0.3,10,6.0,6.0,8.0
23,200045590,1/27/2017 14:04,0,Congestion ,92,3240,0.3,10,6.0,6.0,8.0
24,200045590,1/27/2017 14:05,0,Congestion ,89,3240,0.3,10,6.0,6.0,8.0
25,200045590,1/27/2017 14:06,0,Congestion ,89,3240,0.3,10,6.0,6.0,8.0
26,200045590,1/27/2017 14:07,0,Congestion ,90,3180,0.3,10,6.0,6.0,8.0
27,200045590,1/27/2017 14:08,0,Congestion ,90,3180,0.3,10,6.0,6.0,8.0
28,200045590,1/27/2017 14:09,0,Congestion ,92,3180,0.3,10,6.0,6.0,8.0
29,200045590,1/27/2017 14:11,0,Congestion ,92,3180,0.3,9,6.0,6.0,8.0
30,200045590,1/27/2017 14:11,0,Congestion ,93,3180,0.3,9,6.0,6.0,7.0
31,200045590,1/27/2017 14:12,0,Congestion ,93,3000,0.3,9,6.0,6.0,7.0
32,200045590,1/27/2017 14:13,0,Congestion ,95,3000,0.4,9,6.0,6.0,7.0
33,200045590,1/27/2017 14:14,0,Congestion ,95,3000,0.4,9,6.0,6.0,7.0
34,200045590,1/27/2017 14:15,0,Congestion ,95,3000,0.3,9,6.0,6.0,8.0
35,200045590,1/27/2017 14:16,0,Congestion ,95,3000,0.3,9,6.0,6.0,8.0
36,200045590,1/27/2017 14:17,0,Congestion ,95,2940,0.3,9,6.0,6.0,8.0
37,200045590,1/27/2017 14:18,0,Congestion ,95,2940,0.3,10,6.0,6.0,8.0
38,200045590,1/27/2017 14:19,0,Congestion ,95,2940,0.3,9,6.0,6.0,8.0
39,200045590,1/27/2017 14:20,0,Congestion ,95,2940,0.3,10,6.0,6.0,8.0
40,200045590,1/27/2017 14:21,0,Congestion ,93,3060,0.3,10,6.0,6.0,8.0
41,200045590,1/27/2017 14:22,0,Congestion ,93,3060,0.3,10,6.0,6.0,8.0
42,200045590,1/27/2017 14:23,0,Congestion ,93,3060,0.3,10,6.0,6.0,8.0
43,200045590,1/27/2017 14:24,0,Congestion ,92,3060,0.3,10,6.0,6.0,8.0
44,200045590,1/27/2017 14:25,0,Congestion ,92,3060,0.3,10,6.0,6.0,8.0
45,200045590,1/27/2017 14:26,0,Congestion ,92,3180,0.3,10,6.0,6.0,8.0
46,200045590,1/27/2017 14:27,0,Congestion ,92,3180,0.3,11,6.0,6.0,8.0
47,200045590,1/27/2017 14:28,0,Congestion ,92,3180,0.3,11,6.0,6.0,8.0
48,200045590,1/27/2017 14:29,0,Congestion ,92,3180,0.3,10,6.0,6.0,8.0
49,200045590,1/27/2017 14:30,0,Congestion ,92,3180,0.3,10,6.0,6.0,8.0
50,200045590,1/27/2017 14:31,0,Congestion ,92,3180,0.3,10,6.0,6.0,8.0
51,200045590,1/27/2017 14:32,0,Congestion ,92,3300,0.3,10,6.0,6.0,8.0
52,200045590,1/27/2017 14:33,0,Congestion ,92,3300,0.3,10,6.0,6.0,8.0
53,200045590,1/27/2017 14:34,0,Congestion ,92,3300,0.3,10,6.0,6.0,8.0
54,200045590,1/27/2017 14:35,0,Congestion ,90,3300,0.3,10,6.0,6.0,8.0
55,200045590,1/27/2017 14:36,0,Congestion ,90,3300,0.3,10,6.0,6.0,8.0
56,200045590,1/27/2017 14:37,0,Congestion ,90,3300,0.3,10,6.0,6.0,8.0
57,200045590,1/27/2017 14:38,0,Congestion ,90,3300,0.3,10,6.0,6.0,8.0
58,200045590,1/27/2017 14:39,0,Congestion ,90,3300,0.3,11,6.0,6.0,8.0
59,200045590,1/27/2017 14:40,0,Congestion ,90,3300,0.3,11,6.0,6.0,8.0
60,200045590,1/27/2017 14:41,0,Congestion ,89,3300,0.3,11,6.0,6.0,8.0
61,200045590,1/27/2017 14:42,0,Congestion ,89,3420,0.3,11,6.0,6.0,8.0
62,200045590,1/27/2017 14:43,0,Congestion ,89,3420,0.3,11,6.0,6.0,8.0
63,200045590,1/27/2017 14:44,0,Congestion ,89,3420,0.3,10,6.0,6.0,8.0
64,200045590,1/27/2017 14:45,0,Congestion ,89,3420,0.3,10,6.0,6.0,8.0
65,200045590,1/27/2017 14:47,0,Congestion ,89,3360,0.3,11,6.0,6.0,8.0
66,200045590,1/27/2017 14:48,0,Congestion ,89,3360,0.3,11,6.0,6.0,8.0
67,200045590,1/27/2017 14:49,0,Congestion ,89,3360,0.3,11,6.0,6.0,8.0
68,200045590,1/27/2017 14:50,0,Congestion ,89,3360,0.3,11,6.0,6.0,8.0
69,200045590,1/27/2017 14:51,0,Congestion ,89,3360,0.3,10,6.0,6.0,8.0
70,200045590,1/27/2017 14:52,0,Congestion ,87,3480,0.3,11,6.0,6.0,8.0
71,200045590,1/27/2017 14:53,0,Congestion ,85,3480,0.3,11,6.0,7.0,8.0
72,200045590,1/27/2017 14:54,0,Congestion ,87,3480,0.3,10,6.0,6.0,8.0
73,200045590,1/27/2017 14:55,0,Congestion ,87,3480,0.3,10,6.0,6.0,8.0
74,200045590,1/27/2017 14:56,0,Congestion ,87,3480,0.3,10,6.0,6.0,8.0
75,200045590,1/27/2017 14:57,0,Congestion ,87,3120,0.3,10,6.0,6.0,8.0
76,200045590,1/27/2017 14:58,0,Congestion ,87,3120,0.4,10,6.0,6.0,8.0
77,200045590,1/27/2017 14:59,0,Congestion ,89,3120,0.4,10,6.0,6.0,8.0
78,200045590,1/27/2017 15:00,0,Congestion ,89,3120,0.4,10,6.0,6.0,8.0
79,200045590,1/27/2017 15:01,0,Congestion ,89,3060,0.4,10,6.0,6.0,8.0
80,200045590,1/27/2017 15:02,0,Congestion ,89,3000,0.3,10,6.0,6.0,8.0
81,200045590,1/27/2017 15:03,0,Congestion ,89,3000,0.3,10,6.0,6.0,8.0
82,200045590,1/27/2017 15:04,0,Congestion ,89,3000,0.3,10,6.0,6.0,8.0
83,200045590,1/27/2017 15:05,0,Congestion ,90,3000,0.3,10,6.0,6.0,9.0
84,200045590,1/27/2017 15:06,0,Congestion ,92,3000,0.3,9,6.0,6.0,9.0
85,200045590,1/27/2017 15:07,0,Congestion ,92,3120,0.4,9,6.0,6.0,9.0
86,200045590,1/27/2017 15:08,0,Congestion ,92,3120,0.4,9,6.0,6.0,9.0
87,200045590,1/27/2017 15:09,0,Congestion ,92,3120,0.4,9,6.0,6.0,9.0
88,200045590,1/27/2017 15:11,0,Congestion ,92,3120,0.3,10,6.0,6.0,9.0
89,200045590,1/27/2017 15:11,0,Congestion ,92,3000,0.3,10,6.0,6.0,9.0
90,200045590,1/27/2017 15:12,0,Congestion ,92,3000,0.3,10,6.0,6.0,9.0
91,200045590,1/27/2017 15:13,0,Congestion ,92,3000,0.3,10,6.0,6.0,9.0
92,200045590,1/27/2017 15:14,0,Congestion ,92,3000,0.3,10,6.0,6.0,9.0
93,200045590,1/27/2017 15:15,0,Congestion ,92,3000,0.3,10,6.0,6.0,9.0
94,200045590,1/27/2017 15:16,0,Congestion ,90,3000,0.3,10,6.0,6.0,9.0
95,200045590,1/27/2017 15:17,0,Congestion ,90,3060,0.3,10,6.0,6.0,9.0
96,200045590,1/27/2017 15:18,0,Congestion ,90,3060,0.3,10,6.0,6.0,9.0
97,200045590,1/27/2017 15:19,1,Congestion ,87,3060,0.3,10,6.0,6.0,9.0
98,200045590,1/27/2017 15:20,1,Congestion ,87,3060,0.3,10,6.0,6.0,9.0
99,200045590,1/27/2017 15:21,1,Congestion ,82,3120,0.3,11,7.0,6.0,9.0
100,200045590,1/27/2017 15:22,1,Congestion ,82,3120,0.3,11,7.0,6.0,9.0
101,200045590,1/27/2017 15:23,1,Congestion ,80,3120,0.3,12,7.0,6.0,9.0
102,200045590,1/27/2017 15:24,1,Congestion ,79,3120,0.3,12,7.0,6.0,9.0
103,200045590,1/27/2017 15:25,1,Congestion ,74,3120,0.3,13,7.0,6.0,9.0
104,200045590,1/27/2017 15:26,1,Congestion ,72,3180,0.3,14,8.0,6.0,9.0
105,200045590,1/27/2017 15:27,1,Congestion ,69,3240,0.3,16,8.0,6.0,9.0
106,200045590,1/27/2017 15:28,1,Congestion ,66,3240,0.3,17,8.0,6.0,9.0
107,200045590,1/27/2017 15:29,1,Congestion ,63,3240,0.4,21,9.0,6.0,9.0
108,200045590,1/27/2017 15:30,1,Congestion ,58,3240,0.4,25,9.0,6.0,9.0
109,200045590,1/27/2017 15:31,1,Congestion ,53,3240,0.4,27,10.0,6.0,9.0
110,200045590,1/27/2017 15:32,1,Congestion ,48,3240,0.4,30,11.0,6.0,9.0
111,200045590,1/27/2017 15:33,1,Congestion ,45,3240,0.4,33,12.0,6.0,9.0
112,200045590,1/27/2017 15:34,1,Congestion ,40,3240,0.4,38,14.0,6.0,9.0
113,200045590,1/27/2017 15:35,1,Congestion ,39,3240,0.4,39,14.0,7.0,9.0
114,200045590,1/27/2017 15:36,1,Congestion ,39,3240,0.4,39,14.0,7.0,9.0
115,200045590,1/27/2017 15:37,1,Congestion ,32,2220,0.4,41,17.0,6.0,9.0
116,200045590,1/27/2017 15:38,1,Congestion ,32,2220,0.4,41,17.0,6.0,9.0
117,200045590,1/27/2017 15:39,1,Congestion ,27,2220,0.4,42,20.0,7.0,9.0
118,200045590,1/27/2017 15:40,1,Congestion ,26,2220,0.4,44,21.0,6.0,9.0
119,200045590,1/27/2017 15:41,1,Congestion ,27,2220,0.4,43,20.0,7.0,9.0
120,200045590,1/27/2017 15:42,1,Congestion ,29,2220,0.3,39,19.0,6.0,9.0
121,200045590,1/27/2017 15:43,1,Congestion ,31,2220,0.3,38,17.0,6.0,9.0
122,200045590,1/27/2017 15:44,1,Congestion ,35,2220,0.4,35,15.0,6.0,9.0
123,200045590,1/27/2017 15:45,1,Congestion ,37,2220,0.4,35,15.0,7.0,9.0
124,200045590,1/27/2017 15:46,1,Congestion ,39,2220,0.4,32,14.0,7.0,9.0
125,200045590,1/27/2017 15:47,1,Congestion ,40,2400,0.4,32,14.0,6.0,9.0
126,200045590,1/27/2017 15:48,1,Congestion ,45,2400,0.3,29,12.0,6.0,9.0
127,200045590,1/27/2017 15:49,1,Congestion ,48,2400,0.3,25,11.0,6.0,9.0
128,200045590,1/27/2017 15:50,1,Congestion ,50,2400,0.3,24,11.0,6.0,9.0
129,200045590,1/27/2017 15:51,1,Congestion ,53,2400,0.4,22,10.0,6.0,9.0
130,200045590,1/27/2017 15:52,1,Congestion ,56,2640,0.4,21,10.0,7.0,9.0
131,200045590,1/27/2017 15:53,1,Congestion ,60,2640,0.4,19,9.0,6.0,9.0
132,200045590,1/27/2017 15:54,1,Congestion ,64,2640,0.4,17,8.0,6.0,9.0
133,200045590,1/27/2017 15:55,1,Congestion ,68,2640,0.4,15,8.0,6.0,9.0
134,200045590,1/27/2017 15:56,1,Congestion ,69,2640,0.4,15,8.0,6.0,9.0
135,200045590,1/27/2017 15:57,1,Congestion ,71,2820,0.4,14,8.0,6.0,9.0
136,200045590,1/27/2017 15:58,1,Congestion ,72,2820,0.4,14,8.0,6.0,9.0
137,200045590,1/27/2017 15:59,1,Congestion ,76,2820,0.4,11,7.0,6.0,9.0
138,200045590,1/27/2017 16:00,1,Congestion ,76,2820,0.4,10,7.0,6.0,9.0
139,200045590,1/27/2017 16:01,1,Congestion ,76,2820,0.4,10,7.0,6.0,9.0
140,200045590,1/27/2017 16:02,1,Congestion ,72,2820,0.4,11,8.0,6.0,9.0
141,200045590,1/27/2017 16:03,1,Congestion ,72,2820,0.4,12,8.0,6.0,9.0
142,200045590,1/27/2017 16:04,1,Congestion ,72,2820,0.4,12,8.0,6.0,9.0
143,200045590,1/27/2017 16:05,1,Congestion ,72,2820,0.4,12,8.0,6.0,9.0
144,200045590,1/27/2017 16:06,1,Congestion ,72,2820,0.4,11,8.0,6.0,9.0
145,200045590,1/27/2017 16:07,1,Congestion ,72,2760,0.4,12,8.0,6.0,9.0
146,200045590,1/27/2017 16:08,1,Congestion ,72,2760,0.4,12,8.0,6.0,9.0
147,200045590,1/27/2017 16:09,1,Congestion ,71,2760,0.4,12,8.0,6.0,9.0
148,200045590,1/27/2017 16:10,1,Congestion ,71,2760,0.4,12,8.0,6.0,9.0
149,200045590,1/27/2017 16:11,1,Congestion ,71,2760,0.4,12,8.0,6.0,9.0
150,200045590,1/27/2017 16:12,1,Congestion ,71,2640,0.4,12,8.0,6.0,9.0
151,200045590,1/27/2017 16:13,1,Congestion ,71,2640,0.4,12,8.0,6.0,9.0
152,200045590,1/27/2017 16:14,1,Congestion ,71,2640,0.4,12,8.0,6.0,9.0
153,200045590,1/27/2017 16:15,1,Congestion ,74,2640,0.4,11,7.0,6.0,9.0
154,200045590,1/27/2017 16:16,0,Congestion ,77,2640,0.4,10,7.0,6.0,9.0
155,200045590,1/27/2017 16:17,0,Congestion ,79,2700,0.4,10,7.0,6.0,9.0
156,200045590,1/27/2017 16:18,0,Congestion ,79,2700,0.4,9,7.0,6.0,9.0
157,200045590,1/27/2017 16:19,0,Congestion ,79,2700,0.4,9,7.0,6.0,9.0
158,200045590,1/27/2017 16:20,0,Congestion ,80,2700,0.4,9,7.0,6.0,9.0
159,200045590,1/27/2017 16:21,0,Congestion ,80,2700,0.4,9,7.0,6.0,9.0
160,200045590,1/27/2017 16:22,0,Congestion ,82,2760,0.4,9,7.0,6.0,9.0
161,200045590,1/27/2017 16:23,0,Congestion ,82,2760,0.4,9,7.0,6.0,9.0
162,200045590,1/27/2017 16:24,0,Congestion ,82,2760,0.4,9,7.0,6.0,9.0
163,200045590,1/27/2017 16:25,0,Congestion ,84,2760,0.4,9,6.0,6.0,10.0
164,200045590,1/27/2017 16:26,0,Congestion ,84,2760,0.4,9,6.0,6.0,10.0
165,200045590,1/27/2017 16:27,0,Congestion ,85,2880,0.4,9,6.0,7.0,10.0
166,200045590,1/27/2017 16:28,0,Congestion ,84,2880,0.4,9,6.0,6.0,10.0
167,200045590,1/27/2017 16:29,0,Congestion ,84,2880,0.3,10,6.0,6.0,10.0
168,200045590,1/27/2017 16:30,0,Congestion ,84,2880,0.3,10,6.0,6.0,10.0
169,200045590,1/27/2017 16:31,0,Congestion ,84,2880,0.3,10,6.0,6.0,10.0
170,200045590,1/27/2017 16:32,0,Congestion ,84,3360,0.3,10,6.0,6.0,10.0
171,200045590,1/27/2017 16:33,0,Congestion ,84,3360,0.3,10,6.0,6.0,10.0
172,200045590,1/27/2017 16:34,0,Congestion ,84,3360,0.3,10,6.0,6.0,10.0
173,200045590,1/27/2017 16:35,0,Congestion ,84,3360,0.3,10,6.0,6.0,10.0
174,200045590,1/27/2017 16:36,0,Congestion ,84,3360,0.3,11,6.0,6.0,10.0
175,200045590,1/27/2017 16:37,0,Congestion ,82,3300,0.3,10,7.0,6.0,10.0
176,200045590,1/27/2017 16:38,0,Congestion ,82,3300,0.3,10,7.0,6.0,10.0
177,200045590,1/27/2017 16:39,0,Congestion ,82,3300,0.3,10,7.0,6.0,10.0
178,200045590,1/27/2017 16:40,1,Congestion ,82,3300,0.3,10,7.0,6.0,10.0
179,200045590,1/27/2017 16:41,1,Congestion ,82,3300,0.3,10,7.0,6.0,10.0
180,200045590,1/27/2017 16:42,1,Congestion ,80,3120,0.3,10,7.0,6.0,10.0
181,200045590,1/27/2017 16:43,1,Congestion ,79,3120,0.3,10,7.0,6.0,10.0
182,200045590,1/27/2017 16:44,1,Congestion ,77,3120,0.3,11,7.0,6.0,10.0
183,200045590,1/27/2017 16:45,1,Congestion ,74,3120,0.3,12,7.0,6.0,10.0
184,200045590,1/27/2017 16:46,1,Congestion ,71,3120,0.4,14,8.0,6.0,10.0
185,200045590,1/27/2017 16:47,1,Congestion ,66,2820,0.4,19,8.0,6.0,10.0
186,200045590,1/27/2017 16:48,1,Congestion ,61,2820,0.4,21,9.0,6.0,10.0
187,200045590,1/27/2017 16:49,1,Congestion ,56,2820,0.4,22,10.0,7.0,10.0
188,200045590,1/27/2017 16:50,1,Congestion ,53,2820,0.4,25,10.0,6.0,10.0
189,200045590,1/27/2017 16:51,1,Congestion ,50,2820,0.4,29,11.0,6.0,10.0
190,200045590,1/27/2017 16:52,1,Congestion ,45,2700,0.4,33,12.0,6.0,10.0
191,200045590,1/27/2017 16:53,1,Congestion ,40,2700,0.4,35,14.0,6.0,10.0
192,200045590,1/27/2017 16:54,1,Congestion ,34,2700,0.4,38,16.0,6.0,10.0
193,200045590,1/27/2017 16:55,1,Congestion ,31,2700,0.4,42,17.0,6.0,10.0
194,200045590,1/27/2017 16:56,1,Congestion ,27,2700,0.4,44,20.0,7.0,10.0
195,200045590,1/27/2017 16:57,1,Congestion ,26,2400,0.5,46,21.0,6.0,10.0
196,200045590,1/27/2017 16:58,1,Congestion ,26,2400,0.5,48,21.0,6.0,10.0
197,200045590,1/27/2017 16:59,1,Congestion ,26,2400,0.5,47,21.0,6.0,10.0
198,200045590,1/27/2017 17:00,1,Congestion ,26,2400,0.4,46,21.0,6.0,11.0
199,200045590,1/27/2017 17:01,1,Congestion ,27,2400,0.4,46,20.0,7.0,11.0
200,200045590,1/27/2017 17:02,1,Congestion ,26,2400,0.5,47,21.0,6.0,11.0
201,200045590,1/27/2017 17:03,1,Congestion ,26,2400,0.5,47,21.0,6.0,11.0
202,200045590,1/27/2017 17:04,1,Congestion ,24,2400,0.4,47,23.0,6.0,11.0
203,200045590,1/27/2017 17:05,1,Congestion ,24,2400,0.5,48,23.0,6.0,11.0
204,200045590,1/27/2017 17:06,1,Congestion ,24,2400,0.5,48,23.0,6.0,11.0
205,200045590,1/27/2017 17:07,1,Congestion ,24,2280,0.4,48,23.0,6.0,11.0
206,200045590,1/27/2017 17:08,1,Congestion ,24,2280,0.4,45,23.0,6.0,11.0
207,200045590,1/27/2017 17:09,1,Congestion ,26,2280,0.4,44,21.0,6.0,11.0
208,200045590,1/27/2017 17:10,1,Congestion ,27,2280,0.4,43,20.0,7.0,11.0
209,200045590,1/27/2017 17:11,1,Congestion ,31,2280,0.4,42,17.0,6.0,11.0
210,200045590,1/27/2017 17:12,1,Congestion ,32,2400,0.3,38,17.0,6.0,11.0
211,200045590,1/27/2017 17:13,1,Congestion ,34,2400,0.3,38,16.0,6.0,11.0
212,200045590,1/27/2017 17:14,1,Congestion ,34,2400,0.4,39,16.0,6.0,11.0
213,200045590,1/27/2017 17:15,1,Congestion ,34,2400,0.4,39,16.0,6.0,11.0
214,200045590,1/27/2017 17:16,1,Congestion ,34,2400,0.4,40,16.0,6.0,11.0
215,200045590,1/27/2017 17:17,1,Congestion ,34,2280,0.4,40,16.0,6.0,11.0
216,200045590,1/27/2017 17:18,1,Congestion ,34,2280,0.4,39,16.0,6.0,11.0
217,200045590,1/27/2017 17:19,1,Congestion ,34,2280,0.4,39,16.0,6.0,11.0
218,200045590,1/27/2017 17:20,1,Congestion ,34,2280,0.4,39,16.0,6.0,11.0
219,200045590,1/27/2017 17:21,1,Congestion ,32,2280,0.4,40,17.0,6.0,11.0
220,200045590,1/27/2017 17:22,1,Congestion ,31,2220,0.4,41,17.0,6.0,11.0
221,200045590,1/27/2017 17:23,1,Congestion ,29,2220,0.4,42,19.0,6.0,11.0
222,200045590,1/27/2017 17:24,1,Congestion ,26,2220,0.4,43,21.0,6.0,11.0
223,200045590,1/27/2017 17:25,1,Congestion ,24,2220,0.4,44,23.0,6.0,10.0
224,200045590,1/27/2017 17:26,1,Congestion ,23,2220,0.4,46,24.0,6.0,10.0
225,200045590,1/27/2017 17:27,1,Congestion ,23,2400,0.4,46,24.0,6.0,10.0
226,200045590,1/27/2017 17:28,1,Congestion ,23,2400,0.4,45,24.0,6.0,10.0
227,200045590,1/27/2017 17:29,1,Congestion ,23,2400,0.4,44,24.0,6.0,10.0
228,200045590,1/27/2017 17:30,1,Congestion ,24,2400,0.4,42,23.0,6.0,10.0
229,200045590,1/27/2017 17:31,1,Congestion ,31,2400,0.4,39,17.0,6.0,10.0
230,200045590,1/27/2017 17:32,1,Congestion ,37,2640,0.3,36,15.0,7.0,10.0
231,200045590,1/27/2017 17:33,1,Congestion ,42,2640,0.3,33,13.0,6.0,10.0
232,200045590,1/27/2017 17:34,1,Congestion ,45,2640,0.3,30,12.0,6.0,10.0
233,200045590,1/27/2017 17:35,1,Congestion ,50,2640,0.3,27,11.0,6.0,10.0
234,200045590,1/27/2017 17:36,1,Congestion ,53,2640,0.3,25,10.0,6.0,10.0
235,200045590,1/27/2017 17:37,1,Congestion ,58,2820,0.3,21,9.0,6.0,10.0
236,200045590,1/27/2017 17:38,1,Congestion ,61,2820,0.4,19,9.0,6.0,10.0
237,200045590,1/27/2017 17:39,1,Congestion ,66,2820,0.4,15,8.0,6.0,10.0
238,200045590,1/27/2017 17:40,1,Congestion ,71,2820,0.4,12,8.0,6.0,10.0
239,200045590,1/27/2017 17:41,1,Congestion ,74,2820,0.4,9,7.0,6.0,10.0
240,200045590,1/27/2017 17:42,1,Congestion ,76,2760,0.4,9,7.0,6.0,10.0
241,200045590,1/27/2017 17:43,1,Congestion ,77,2760,0.4,8,7.0,6.0,10.0
242,200045590,1/27/2017 17:44,0,Congestion ,77,2760,0.4,8,7.0,6.0,10.0
243,200045590,1/27/2017 17:45,0,Congestion ,79,2760,0.4,8,7.0,6.0,9.0
244,200045590,1/27/2017 17:46,0,Congestion ,79,2760,0.4,8,7.0,6.0,9.0
245,200045590,1/27/2017 17:47,0,Congestion ,80,2520,0.4,7,7.0,6.0,9.0
246,200045590,1/27/2017 17:48,0,Congestion ,80,2520,0.4,7,7.0,6.0,9.0
247,200045590,1/27/2017 17:49,0,Congestion ,82,2520,0.4,7,7.0,6.0,9.0
248,200045590,1/27/2017 17:50,0,Congestion ,82,2520,0.5,7,7.0,6.0,9.0
249,200045590,1/27/2017 17:51,0,Congestion ,84,2520,0.4,7,6.0,6.0,9.0
250,200045590,1/27/2017 17:52,0,Congestion ,82,2340,0.4,7,7.0,6.0,9.0
251,200045590,1/27/2017 17:53,0,Congestion ,84,2340,0.5,7,6.0,6.0,9.0
252,200045590,1/27/2017 17:54,0,Congestion ,82,2340,0.4,7,7.0,6.0,9.0
253,200045590,1/27/2017 17:55,0,Congestion ,82,2340,0.4,8,7.0,6.0,9.0
254,200045590,1/27/2017 17:56,0,Congestion ,82,2340,0.4,8,7.0,6.0,9.0
255,200045590,1/27/2017 17:57,0,Congestion ,82,2400,0.4,8,7.0,6.0,9.0
256,200045590,1/27/2017 17:58,0,Congestion ,82,2400,0.4,8,7.0,6.0,9.0
257,200045590,1/27/2017 17:59,0,Congestion ,82,2400,0.4,8,7.0,6.0,9.0
258,200045590,1/27/2017 18:00,0,Congestion ,82,2400,0.4,8,7.0,6.0,9.0
259,200045590,1/27/2017 18:01,0,Congestion ,82,2400,0.4,8,7.0,6.0,9.0
260,200045590,1/27/2017 18:02,0,Congestion ,80,2520,0.4,9,7.0,6.0,9.0
261,200045590,1/27/2017 18:03,0,Congestion ,80,2520,0.4,9,7.0,6.0,9.0
262,200045590,1/27/2017 18:04,0,Congestion ,80,2520,0.4,9,7.0,6.0,9.0
263,200045590,1/27/2017 18:05,0,Congestion ,80,2520,0.4,8,7.0,6.0,8.0
264,200045590,1/27/2017 18:06,0,Congestion ,80,2520,0.4,8,7.0,6.0,8.0
265,200045590,1/27/2017 18:07,0,Congestion ,80,2700,0.4,8,7.0,6.0,8.0
266,200045590,1/27/2017 18:08,0,Congestion ,80,2700,0.4,8,7.0,6.0,8.0
267,200045590,1/27/2017 18:09,0,Congestion ,80,2700,0.4,8,7.0,6.0,8.0
268,200045590,1/27/2017 18:10,0,Congestion ,80,2700,0.4,8,7.0,6.0,8.0
269,200045590,1/27/2017 18:11,0,Congestion ,79,2700,0.4,8,7.0,6.0,8.0
270,200045590,1/27/2017 18:12,0,Congestion ,79,2580,0.4,8,7.0,6.0,8.0
271,200045590,1/27/2017 18:13,0,Congestion ,79,2580,0.4,8,7.0,6.0,8.0
272,200045590,1/27/2017 18:14,0,Congestion ,79,2580,0.4,8,7.0,6.0,8.0
273,200045590,1/27/2017 18:15,0,Congestion ,77,2580,0.4,8,7.0,6.0,8.0
274,200045590,1/27/2017 18:16,0,Congestion ,77,2580,0.4,8,7.0,6.0,8.0
275,200045590,1/27/2017 18:17,0,Congestion ,77,2580,0.4,8,7.0,6.0,8.0
276,200045590,1/27/2017 18:18,0,Congestion ,77,2580,0.4,9,7.0,6.0,8.0
277,200045590,1/27/2017 18:19,0,Congestion ,76,2580,0.4,9,7.0,6.0,8.0
278,200045590,1/27/2017 18:20,0,Congestion ,76,2580,0.4,9,7.0,6.0,8.0
279,200045590,1/27/2017 18:21,0,Congestion ,76,2580,0.4,9,7.0,6.0,8.0
280,200045590,1/27/2017 18:22,0,Congestion ,77,2580,0.4,9,7.0,6.0,7.0
281,200045590,1/27/2017 18:23,0,Congestion ,77,2580,0.4,8,7.0,6.0,7.0
282,200045590,1/27/2017 18:24,0,Congestion ,79,2580,0.4,8,7.0,6.0,7.0
283,200045590,1/27/2017 18:25,0,Congestion ,79,2580,0.4,8,7.0,6.0,7.0
284,200045590,1/27/2017 18:26,0,Congestion ,79,2580,0.4,8,7.0,6.0,7.0
285,200045590,1/27/2017 18:27,0,Congestion ,79,2700,0.5,8,7.0,6.0,7.0
286,200045590,1/27/2017 18:28,0,Congestion ,79,2700,0.5,8,7.0,6.0,7.0
287,200045590,1/27/2017 18:29,0,Congestion ,79,2700,0.5,8,7.0,6.0,7.0
288,200045590,1/27/2017 18:30,0,Congestion ,80,2700,0.5,7,7.0,6.0,8.0
289,200045590,1/27/2017 18:31,0,Congestion ,80,2700,0.5,7,7.0,6.0,8.0
290,200045590,1/27/2017 18:32,0,Congestion ,80,1980,0.5,7,7.0,6.0,8.0
291,200045590,1/27/2017 18:33,0,Congestion ,82,1980,0.5,7,7.0,6.0,7.0
292,200045590,1/27/2017 18:34,0,Congestion ,82,1980,0.5,7,7.0,6.0,7.0
293,200045590,1/27/2017 18:35,0,Congestion ,82,1980,0.5,7,7.0,6.0,7.0
294,200045590,1/27/2017 18:36,0,Congestion ,82,1980,0.5,7,7.0,6.0,7.0
295,200045590,1/27/2017 18:37,0,Congestion ,82,2040,0.5,7,7.0,6.0,7.0
296,200045590,1/27/2017 18:38,0,Congestion ,82,2040,0.5,7,7.0,6.0,7.0
297,200045590,1/27/2017 18:39,0,Congestion ,82,2040,0.5,7,7.0,6.0,7.0
298,200045590,1/27/2017 18:40,0,Congestion ,82,2040,0.5,7,7.0,6.0,7.0
299,200045590,1/27/2017 18:41,0,Congestion ,82,1980,0.5,7,7.0,6.0,7.0
300,200045590,1/27/2017 18:42,0,Congestion ,84,2100,0.5,7,6.0,6.0,7.0
301,200045590,1/27/2017 18:43,0,Congestion ,84,2100,0.5,7,6.0,6.0,7.0
302,200045590,1/27/2017 18:44,0,Congestion ,84,2100,0.5,7,6.0,6.0,7.0
303,200045590,1/27/2017 18:45,0,Congestion ,84,2100,0.5,7,6.0,6.0,7.0
304,200045590,1/27/2017 18:46,0,Congestion ,84,2100,0.5,7,6.0,6.0,7.0
305,200045590,1/27/2017 18:47,0,Congestion ,82,2280,0.4,8,7.0,6.0,7.0
306,200045590,1/27/2017 18:48,0,Congestion ,82,2280,0.4,8,7.0,6.0,7.0
307,200045590,1/27/2017 18:49,0,Congestion ,84,2280,0.4,8,6.0,6.0,7.0
308,200045590,1/27/2017 18:50,0,Congestion ,84,2280,0.4,7,6.0,6.0,7.0
309,200045590,1/27/2017 18:51,0,Congestion ,85,2280,0.4,7,6.0,7.0,7.0
310,200045590,1/27/2017 18:52,0,Congestion ,85,2460,0.4,7,6.0,7.0,7.0
311,200045590,1/27/2017 18:53,0,Congestion ,85,2460,0.4,7,6.0,7.0,7.0
312,200045590,1/27/2017 18:54,0,Congestion ,85,2460,0.4,7,6.0,7.0,7.0
313,200045590,1/27/2017 18:55,0,Congestion ,85,2460,0.4,7,6.0,7.0,7.0
314,200045590,1/27/2017 18:56,0,Congestion ,85,2460,0.4,7,6.0,7.0,7.0
315,200045590,1/27/2017 18:57,0,Congestion ,85,2400,0.5,7,6.0,7.0,7.0
316,200045590,1/27/2017 18:58,0,Congestion ,85,2400,0.5,7,6.0,7.0,7.0
317,200045590,1/27/2017 18:59,0,Congestion ,85,2400,0.5,7,6.0,7.0,7.0
318,200045590,1/27/2017 19:00,0,Congestion ,85,2400,0.5,7,6.0,7.0,7.0
319,200045590,1/27/2017 19:01,0,Congestion ,87,2400,0.5,6,6.0,6.0,7.0
320,200045590,1/27/2017 19:02,0,Congestion ,87,2280,0.5,6,6.0,6.0,7.0
321,200045590,1/27/2017 19:03,0,Congestion ,87,2280,0.5,6,6.0,6.0,7.0
322,200045590,1/27/2017 19:04,0,Congestion ,87,2280,0.5,6,6.0,6.0,7.0
323,200045590,1/27/2017 19:05,0,Congestion ,89,2280,0.5,6,6.0,6.0,7.0
324,200045590,1/27/2017 19:06,0,Congestion ,89,2160,0.5,6,6.0,6.0,7.0
325,200045590,1/27/2017 19:07,0,Congestion ,87,2100,0.5,6,6.0,6.0,7.0
326,200045590,1/27/2017 19:08,0,Congestion ,89,2100,0.5,6,6.0,6.0,7.0
327,200045590,1/27/2017 19:09,0,Congestion ,89,2100,0.5,6,6.0,6.0,7.0
328,200045590,1/27/2017 19:10,0,Congestion ,89,2100,0.5,6,6.0,6.0,7.0
329,200045590,1/27/2017 19:11,0,Congestion ,89,2100,0.5,6,6.0,6.0,7.0
330,200045590,1/27/2017 19:12,0,Congestion ,90,2040,0.5,6,6.0,6.0,7.0
331,200045590,1/27/2017 19:13,0,Congestion ,92,2040,0.6,6,6.0,6.0,7.0
332,200045590,1/27/2017 19:14,0,Congestion ,90,2040,0.5,7,6.0,6.0,7.0
333,200045590,1/27/2017 19:15,0,Congestion ,92,2040,0.6,6,6.0,6.0,6.0
334,200045590,1/27/2017 19:16,0,Congestion ,93,1980,0.6,6,6.0,6.0,6.0
335,200045590,1/27/2017 19:17,0,Congestion ,93,2100,0.6,6,6.0,6.0,6.0
336,200045590,1/27/2017 19:18,0,Congestion ,93,2100,0.6,6,6.0,6.0,6.0
337,200045590,1/27/2017 19:19,0,Congestion ,93,2100,0.6,6,6.0,6.0,6.0
338,200045590,1/27/2017 19:20,0,Congestion ,93,2100,0.5,6,6.0,6.0,6.0
339,200045590,1/27/2017 19:21,0,Congestion ,93,2220,0.5,7,6.0,6.0,6.0
340,200045590,1/27/2017 19:22,0,Congestion ,93,2220,0.5,7,6.0,6.0,6.0
341,200045590,1/27/2017 19:23,0,Congestion ,93,2220,0.5,7,6.0,6.0,6.0
342,200045590,1/27/2017 19:24,0,Congestion ,93,2220,0.5,7,6.0,6.0,6.0
343,200045590,1/27/2017 19:25,0,Congestion ,92,2220,0.5,7,6.0,6.0,6.0
344,200045590,1/27/2017 19:26,0,Congestion ,93,2280,0.5,7,6.0,6.0,6.0
345,200045590,1/27/2017 19:27,0,Congestion ,93,2340,0.5,6,6.0,6.0,6.0
346,200045590,1/27/2017 19:28,0,Congestion ,93,2340,0.5,6,6.0,6.0,6.0
347,200045590,1/27/2017 19:29,0,Congestion ,93,2340,0.5,6,6.0,6.0,6.0
348,200045590,1/27/2017 19:30,0,Congestion ,93,2340,0.5,7,6.0,6.0,6.0
349,200045590,1/27/2017 19:31,0,Congestion ,93,2340,0.5,7,6.0,6.0,6.0
350,200045590,1/27/2017 19:32,0,Congestion ,92,2220,0.4,7,6.0,6.0,6.0
351,200045590,1/27/2017 19:33,0,Congestion ,93,2220,0.5,6,6.0,6.0,6.0
352,200045590,1/27/2017 19:34,0,Congestion ,93,2220,0.5,6,6.0,6.0,6.0
353,200045590,1/27/2017 19:35,0,Congestion ,93,2220,0.4,7,6.0,6.0,6.0
354,200045590,1/27/2017 19:36,0,Congestion ,93,2220,0.5,6,6.0,6.0,6.0
355,200045590,1/27/2017 19:37,0,Congestion ,93,2280,0.5,6,6.0,6.0,6.0
356,200045590,1/27/2017 19:38,0,Congestion ,93,2280,0.5,6,6.0,6.0,6.0
357,200045590,1/27/2017 19:39,0,Congestion ,93,2280,0.5,6,6.0,6.0,6.0
358,200045590,1/27/2017 19:40,0,Congestion ,92,2280,0.5,6,6.0,6.0,6.0
359,200045590,1/27/2017 19:41,0,Congestion ,92,2280,0.5,6,6.0,6.0,6.0
360,200045590,1/27/2017 19:42,0,Congestion ,92,2100,0.5,6,6.0,6.0,6.0
361,200045590,1/27/2017 19:43,0,Congestion ,92,2100,0.5,6,6.0,6.0,6.0
362,200045590,1/27/2017 19:44,0,Congestion ,90,2100,0.6,6,6.0,6.0,6.0
363,200045590,1/27/2017 19:45,1,Congestion ,90,2100,0.6,6,6.0,6.0,6.0
364,200045590,1/27/2017 19:46,1,Congestion ,90,2220,0.6,6,6.0,6.0,6.0
365,200045590,1/27/2017 19:47,1,Congestion ,89,1740,0.6,6,6.0,6.0,6.0
366,200045590,1/27/2017 19:48,1,Congestion ,87,1740,0.6,6,6.0,6.0,6.0
367,200045590,1/27/2017 19:49,1,Congestion ,89,1740,0.6,6,6.0,6.0,6.0
368,200045590,1/27/2017 19:50,1,Congestion ,87,1740,0.6,6,6.0,6.0,6.0
369,200045590,1/27/2017 19:51,1,Congestion ,87,1740,0.6,6,6.0,6.0,6.0
370,200045590,1/27/2017 19:52,1,Congestion ,85,1920,0.6,6,6.0,7.0,6.0
371,200045590,1/27/2017 19:53,1,Congestion ,85,1920,0.7,6,6.0,7.0,6.0
372,200045590,1/27/2017 19:54,1,Congestion ,84,1920,0.6,7,6.0,6.0,6.0
373,200045590,1/27/2017 19:55,1,Congestion ,84,1920,0.6,7,6.0,6.0,6.0
374,200045590,1/27/2017 19:56,1,Congestion ,82,1920,0.6,7,7.0,6.0,6.0
375,200045590,1/27/2017 19:57,1,Congestion ,82,1860,0.6,7,7.0,6.0,6.0
376,200045590,1/27/2017 19:58,1,Congestion ,82,1860,0.6,6,7.0,6.0,6.0
377,200045590,1/27/2017 19:59,1,Congestion ,84,1860,0.6,6,6.0,6.0,6.0
378,200045590,1/27/2017 20:00,1,Congestion ,84,1860,0.6,6,6.0,6.0,6.0
379,200045590,1/27/2017 20:01,1,Congestion ,85,1980,0.6,6,6.0,7.0,6.0
380,200045590,1/27/2017 20:02,1,Congestion ,85,1980,0.6,5,6.0,7.0,6.0
381,200045590,1/27/2017 20:03,1,Congestion ,85,1980,0.7,5,6.0,7.0,6.0
382,200045590,1/27/2017 20:04,1,Congestion ,85,1980,0.7,5,6.0,7.0,6.0
383,200045590,1/27/2017 20:05,1,Congestion ,87,1980,0.7,5,6.0,6.0,6.0
384,200045590,1/27/2017 20:06,1,Congestion ,87,1560,0.7,5,6.0,6.0,6.0
385,200045590,1/27/2017 20:07,1,Congestion ,87,1560,0.9,5,6.0,6.0,6.0
386,200045590,1/27/2017 20:08,0,Congestion ,89,1560,1.0,4,6.0,6.0,6.0
387,200045590,1/27/2017 20:09,0,Congestion ,90,1560,0.9,4,6.0,6.0,6.0
388,200045590,1/27/2017 20:10,0,Congestion ,90,1560,1.0,4,6.0,6.0,6.0
389,200045590,1/27/2017 20:11,0,Congestion ,90,1440,0.9,5,6.0,6.0,6.0
390,200045590,1/27/2017 20:12,0,Congestion ,90,1500,1.0,5,6.0,6.0,6.0
391,200045590,1/27/2017 20:13,0,Congestion ,90,1500,0.9,5,6.0,6.0,6.0
392,200045590,1/27/2017 20:14,0,Congestion ,90,1500,0.9,5,6.0,6.0,6.0
393,200045590,1/27/2017 20:15,0,Congestion ,90,1500,0.8,5,6.0,6.0,6.0
394,200045590,1/27/2017 20:16,0,Congestion ,90,1500,0.7,5,6.0,6.0,6.0
395,200045590,1/27/2017 20:17,0,Congestion ,92,1620,0.9,5,6.0,6.0,6.0
396,200045590,1/27/2017 20:18,0,Congestion ,92,1620,0.9,5,6.0,6.0,6.0
397,200045590,1/27/2017 20:19,0,Congestion ,92,1620,0.9,5,6.0,6.0,6.0
398,200045590,1/27/2017 20:20,0,Congestion ,93,1620,0.9,5,6.0,6.0,6.0
399,200045590,1/27/2017 20:21,0,Congestion ,92,1620,0.7,5,6.0,6.0,6.0
400,200045590,1/27/2017 20:22,0,Congestion ,93,1560,0.9,5,6.0,6.0,6.0
401,200045590,1/27/2017 20:23,0,Congestion ,93,1560,0.8,5,6.0,6.0,6.0
402,200045590,1/27/2017 20:24,0,Congestion ,95,1560,1.0,4,6.0,6.0,6.0
403,200045590,1/27/2017 20:25,0,Congestion ,95,1560,1.0,4,6.0,6.0,6.0
404,200045590,1/27/2017 20:26,0,Congestion ,97,1560,1.0,4,6.0,6.0,6.0
405,200045590,1/27/2017 20:27,0,Congestion ,97,1500,1.0,4,6.0,6.0,6.0
406,200045590,1/27/2017 20:28,0,Congestion ,98,1500,1.0,4,6.0,6.0,6.0
407,200045590,1/27/2017 20:29,0,Congestion ,98,1500,1.0,4,6.0,6.0,6.0
408,200045590,1/27/2017 20:30,0,Congestion ,98,1500,1.0,4,6.0,6.0,6.0
409,200045590,1/27/2017 20:31,0,Congestion ,98,1380,1.0,4,6.0,6.0,6.0
410,200045590,1/27/2017 20:32,0,Congestion ,100,1440,1.0,4,5.0,6.0,6.0
411,200045590,1/27/2017 20:33,0,Congestion ,100,1440,1.0,4,5.0,6.0,6.0
412,200045590,1/27/2017 20:34,0,Congestion ,100,1440,1.0,4,5.0,6.0,6.0
413,200045590,1/27/2017 20:35,0,Congestion ,100,1440,1.0,4,5.0,6.0,6.0
414,200045590,1/27/2017 20:36,0,Congestion ,100,1440,0.8,4,5.0,6.0,6.0
415,200045590,1/27/2017 20:37,0,Congestion ,100,1440,0.9,4,5.0,6.0,6.0
416,200045590,1/27/2017 20:38,0,Congestion ,100,1440,0.9,4,5.0,6.0,6.0
417,200045590,1/27/2017 20:39,0,Congestion ,100,1440,1.0,4,5.0,6.0,6.0
418,200045590,1/27/2017 20:40,0,Congestion ,98,1440,1.0,4,6.0,6.0,6.0
419,200045590,1/27/2017 20:41,0,Congestion ,98,1440,1.0,4,6.0,6.0,6.0
420,200045590,1/27/2017 20:42,0,Congestion ,100,1380,1.0,4,5.0,6.0,6.0
421,200045590,1/27/2017 20:43,0,Congestion ,98,1380,1.0,4,6.0,6.0,6.0
422,200045590,1/27/2017 20:44,0,Congestion ,98,1380,1.0,4,6.0,6.0,6.0
423,200045590,1/27/2017 20:45,0,Congestion ,98,1380,1.0,4,6.0,6.0,6.0
424,200045590,1/27/2017 20:46,0,Congestion ,98,1380,1.0,4,6.0,6.0,6.0
425,200045590,1/27/2017 20:47,0,Congestion ,97,1440,1.0,4,6.0,6.0,6.0
426,200045590,1/27/2017 20:48,0,Congestion ,97,1440,1.0,5,6.0,6.0,6.0
427,200045590,1/27/2017 20:49,0,Congestion ,97,1440,1.1,4,6.0,6.0,6.0
428,200045590,1/27/2017 20:50,0,Congestion ,97,1440,1.1,4,6.0,6.0,6.0
429,200045590,1/27/2017 20:51,0,Congestion ,97,1440,1.1,4,6.0,6.0,6.0
430,200045590,1/27/2017 20:52,0,Congestion ,97,1440,1.0,4,6.0,6.0,6.0
431,200045590,1/27/2017 20:53,0,Congestion ,97,1440,1.0,5,6.0,6.0,6.0
432,200045590,1/27/2017 20:54,0,Congestion ,97,1440,1.0,5,6.0,6.0,6.0
433,200045590,1/27/2017 20:55,0,Congestion ,97,1440,1.0,5,6.0,6.0,6.0
434,200045590,1/27/2017 20:56,0,Congestion ,97,1560,1.0,5,6.0,6.0,6.0
435,200045590,1/27/2017 20:57,0,Congestion ,97,1500,0.9,5,6.0,6.0,6.0
436,200045590,1/27/2017 20:58,0,Congestion ,97,1500,1.0,5,6.0,6.0,6.0
437,200045590,1/27/2017 20:59,0,Congestion ,97,1500,1.0,5,6.0,6.0,6.0
438,200045590,1/31/2017 13:29,0,Congestion ,92,2640,0.4,10,6.0,6.0,6.0
439,200045590,1/31/2017 13:30,0,Congestion ,92,2640,0.4,9,6.0,6.0,6.0
440,200045590,1/31/2017 13:31,0,Congestion ,92,2760,0.4,9,6.0,6.0,6.0
441,200045590,1/31/2017 13:32,0,Congestion ,93,2640,0.4,8,6.0,6.0,6.0
442,200045590,1/31/2017 13:33,0,Congestion ,93,2640,0.5,8,6.0,6.0,6.0
443,200045590,1/31/2017 13:34,0,Congestion ,93,2640,0.5,8,6.0,6.0,6.0
444,200045590,1/31/2017 13:35,0,Congestion ,95,2640,0.5,8,6.0,6.0,6.0
445,200045590,1/31/2017 13:36,0,Congestion ,93,2520,0.5,7,6.0,6.0,6.0
446,200045590,1/31/2017 13:37,0,Congestion ,95,2400,0.5,7,6.0,6.0,6.0
447,200045590,1/31/2017 13:38,0,Congestion ,95,2400,0.5,7,6.0,6.0,6.0
448,200045590,1/31/2017 13:39,0,Congestion ,95,2400,0.5,7,6.0,6.0,6.0
449,200045590,1/31/2017 13:40,0,Congestion ,95,2400,0.5,8,6.0,6.0,6.0
450,200045590,1/31/2017 13:41,0,Congestion ,93,2280,0.4,8,6.0,6.0,6.0
451,200045590,1/31/2017 13:42,0,Congestion ,93,2400,0.4,8,6.0,6.0,6.0
452,200045590,1/31/2017 13:43,0,Congestion ,93,2400,0.4,8,6.0,6.0,6.0
453,200045590,1/31/2017 13:44,0,Congestion ,93,2400,0.4,8,6.0,6.0,6.0
454,200045590,1/31/2017 13:45,0,Congestion ,93,2400,0.4,8,6.0,6.0,6.0
455,200045590,1/31/2017 13:46,0,Congestion ,93,2460,0.4,9,6.0,6.0,6.0
456,200045590,1/31/2017 13:47,0,Congestion ,93,2520,0.4,9,6.0,6.0,6.0
457,200045590,1/31/2017 13:48,0,Congestion ,93,2520,0.4,9,6.0,6.0,6.0
458,200045590,1/31/2017 13:49,0,Congestion ,93,2520,0.4,9,6.0,6.0,6.0
459,200045590,1/31/2017 13:50,0,Congestion ,93,2520,0.4,10,6.0,6.0,6.0
460,200045590,1/31/2017 13:51,0,Congestion ,93,2700,0.4,10,6.0,6.0,6.0
461,200045590,1/31/2017 13:52,0,Congestion ,93,2760,0.4,10,6.0,6.0,6.0
462,200045590,1/31/2017 13:53,0,Congestion ,93,2760,0.4,10,6.0,6.0,6.0
463,200045590,1/31/2017 13:54,0,Congestion ,93,2760,0.4,9,6.0,6.0,6.0
464,200045590,1/31/2017 13:55,0,Congestion ,93,2760,0.4,9,6.0,6.0,6.0
465,200045590,1/31/2017 13:56,0,Congestion ,93,2760,0.4,9,6.0,6.0,6.0
466,200045590,1/31/2017 13:57,0,Congestion ,93,2700,0.4,9,6.0,6.0,6.0
467,200045590,1/31/2017 13:58,0,Congestion ,95,2700,0.4,9,6.0,6.0,6.0
468,200045590,1/31/2017 13:59,0,Congestion ,93,2700,0.4,9,6.0,6.0,6.0
469,200045590,1/31/2017 14:00,0,Congestion ,95,2700,0.4,9,6.0,6.0,6.0
470,200045590,1/31/2017 14:01,0,Congestion ,93,2700,0.4,9,6.0,6.0,6.0
471,200045590,1/31/2017 14:02,0,Congestion ,93,2640,0.4,9,6.0,6.0,6.0
472,200045590,1/31/2017 14:03,0,Congestion ,93,2640,0.4,9,6.0,6.0,6.0
473,200045590,1/31/2017 14:04,0,Congestion ,93,2640,0.4,9,6.0,6.0,6.0
474,200045590,1/31/2017 14:05,0,Congestion ,93,2640,0.4,9,6.0,6.0,6.0
475,200045590,1/31/2017 14:06,0,Congestion ,92,2640,0.4,9,6.0,6.0,6.0
476,200045590,1/31/2017 14:07,0,Congestion ,92,2640,0.4,9,6.0,6.0,6.0
477,200045590,1/31/2017 14:08,0,Congestion ,92,2640,0.4,9,6.0,6.0,6.0
478,200045590,1/31/2017 14:09,0,Congestion ,92,2640,0.4,9,6.0,6.0,6.0
479,200045590,1/31/2017 14:10,0,Congestion ,92,2640,0.4,9,6.0,6.0,6.0
480,200045590,1/31/2017 14:11,0,Congestion ,92,2580,0.4,9,6.0,6.0,6.0
481,200045590,1/31/2017 14:12,0,Congestion ,92,2580,0.4,9,6.0,6.0,6.0
482,200045590,1/31/2017 14:13,0,Congestion ,90,2580,0.4,9,6.0,6.0,6.0
483,200045590,1/31/2017 14:14,0,Congestion ,90,2580,0.4,9,6.0,6.0,6.0
484,200045590,1/31/2017 14:15,0,Congestion ,90,2580,0.4,9,6.0,6.0,6.0
485,200045590,1/31/2017 14:16,0,Congestion ,92,2700,0.4,9,6.0,6.0,6.0
486,200045590,1/31/2017 14:17,0,Congestion ,92,2640,0.4,9,6.0,6.0,6.0
487,200045590,1/31/2017 14:18,0,Congestion ,92,2640,0.4,9,6.0,6.0,6.0
488,200045590,1/31/2017 14:19,0,Congestion ,92,2640,0.4,9,6.0,6.0,6.0
489,200045590,1/31/2017 14:20,0,Congestion ,92,2640,0.4,9,6.0,6.0,6.0
490,200045590,1/31/2017 14:21,0,Congestion ,93,2580,0.4,9,6.0,6.0,6.0
491,200045590,1/31/2017 14:22,0,Congestion ,93,2580,0.4,9,6.0,6.0,6.0
492,200045590,1/31/2017 14:23,0,Congestion ,93,2580,0.4,9,6.0,6.0,6.0
493,200045590,1/31/2017 14:24,0,Congestion ,92,2580,0.4,9,6.0,6.0,6.0
494,200045590,1/31/2017 14:25,0,Congestion ,92,2580,0.4,9,6.0,6.0,6.0
495,200045590,1/31/2017 14:26,0,Congestion ,92,2700,0.4,9,6.0,6.0,6.0
496,200045590,1/31/2017 14:27,0,Congestion ,92,2700,0.4,9,6.0,6.0,6.0
497,200045590,1/31/2017 14:28,0,Congestion ,92,2700,0.4,9,6.0,6.0,6.0
498,200045590,1/31/2017 14:29,0,Congestion ,92,2700,0.4,9,6.0,6.0,6.0
499,200045590,1/31/2017 14:30,0,Congestion ,92,2700,0.4,9,6.0,6.0,6.0
500,200045590,1/31/2017 14:31,0,Congestion ,92,2820,0.4,9,6.0,6.0,6.0
501,200045590,1/31/2017 14:32,0,Congestion ,92,2760,0.4,9,6.0,6.0,6.0
502,200045590,1/31/2017 14:33,0,Congestion ,92,2760,0.4,9,6.0,6.0,6.0
503,200045590,1/31/2017 14:34,0,Congestion ,93,2760,0.4,9,6.0,6.0,6.0
504,200045590,1/31/2017 14:35,0,Congestion ,93,2760,0.4,9,6.0,6.0,6.0
505,200045590,1/31/2017 14:36,0,Congestion ,93,2700,0.4,8,6.0,6.0,6.0
506,200045590,1/31/2017 14:37,0,Congestion ,93,2700,0.4,9,6.0,6.0,6.0
507,200045590,1/31/2017 14:38,0,Congestion ,93,2700,0.4,9,6.0,6.0,6.0
508,200045590,1/31/2017 14:39,0,Congestion ,93,2700,0.4,9,6.0,6.0,6.0
509,200045590,1/31/2017 14:40,0,Congestion ,93,2700,0.4,9,6.0,6.0,6.0
510,200045590,1/31/2017 14:41,0,Congestion ,93,2700,0.4,9,6.0,6.0,6.0
511,200045590,1/31/2017 14:42,0,Congestion ,93,2700,0.4,9,6.0,6.0,6.0
512,200045590,1/31/2017 14:43,0,Congestion ,93,2700,0.4,9,6.0,6.0,6.0
513,200045590,1/31/2017 14:44,0,Congestion ,93,2700,0.4,9,6.0,6.0,6.0
514,200045590,1/31/2017 14:45,0,Congestion ,93,2700,0.4,9,6.0,6.0,6.0
515,200045590,1/31/2017 14:46,0,Congestion ,92,2760,0.4,9,6.0,6.0,6.0
516,200045590,1/31/2017 14:47,0,Congestion ,92,2760,0.4,9,6.0,6.0,6.0
517,200045590,1/31/2017 14:48,0,Congestion ,90,2760,0.4,10,6.0,6.0,6.0
518,200045590,1/31/2017 14:49,0,Congestion ,92,2760,0.4,9,6.0,6.0,6.0
519,200045590,1/31/2017 14:50,0,Congestion ,92,2760,0.4,9,6.0,6.0,7.0
520,200045590,1/31/2017 14:51,0,Congestion ,92,2820,0.4,9,6.0,6.0,7.0
521,200045590,1/31/2017 14:52,0,Congestion ,92,2820,0.4,10,6.0,6.0,7.0
522,200045590,1/31/2017 14:53,0,Congestion ,92,2820,0.3,10,6.0,6.0,7.0
523,200045590,1/31/2017 14:54,0,Congestion ,92,2820,0.4,9,6.0,6.0,7.0
524,200045590,1/31/2017 14:55,0,Congestion ,92,2820,0.3,10,6.0,6.0,7.0
525,200045590,1/31/2017 14:56,0,Congestion ,92,2820,0.3,10,6.0,6.0,7.0
526,200045590,1/31/2017 14:57,0,Congestion ,92,2820,0.3,10,6.0,6.0,7.0
527,200045590,1/31/2017 14:58,0,Congestion ,92,2820,0.3,10,6.0,6.0,7.0
528,200045590,1/31/2017 14:59,0,Congestion ,92,2820,0.3,10,6.0,6.0,7.0
529,200045590,1/31/2017 15:00,0,Congestion ,92,2820,0.3,10,6.0,6.0,7.0
530,200045590,1/31/2017 15:01,0,Congestion ,92,2820,0.4,9,6.0,6.0,7.0
531,200045590,1/31/2017 15:02,0,Congestion ,92,2880,0.4,9,6.0,6.0,7.0
532,200045590,1/31/2017 15:03,0,Congestion ,92,2880,0.4,9,6.0,6.0,7.0
533,200045590,1/31/2017 15:04,0,Congestion ,92,2880,0.4,9,6.0,6.0,7.0
534,200045590,1/31/2017 15:05,0,Congestion ,92,2880,0.4,9,6.0,6.0,7.0
535,200045590,1/31/2017 15:06,0,Congestion ,92,2880,0.4,9,6.0,6.0,7.0
536,200045590,1/31/2017 15:07,0,Congestion ,92,2880,0.4,9,6.0,6.0,7.0
537,200045590,1/31/2017 15:08,0,Congestion ,90,2880,0.3,9,6.0,6.0,7.0
538,200045590,1/31/2017 15:09,0,Congestion ,90,2880,0.3,10,6.0,6.0,7.0
539,200045590,1/31/2017 15:10,0,Congestion ,92,2880,0.3,9,6.0,6.0,8.0
540,200045590,1/31/2017 15:11,0,Congestion ,90,2880,0.3,9,6.0,6.0,8.0
541,200045590,1/31/2017 15:12,0,Congestion ,92,2940,0.4,9,6.0,6.0,8.0
542,200045590,1/31/2017 15:13,0,Congestion ,90,2940,0.4,9,6.0,6.0,8.0
543,200045590,1/31/2017 15:14,0,Congestion ,90,2940,0.3,9,6.0,6.0,8.0
544,200045590,1/31/2017 15:15,0,Congestion ,90,2940,0.3,10,6.0,6.0,8.0
545,200045590,1/31/2017 15:16,0,Congestion ,90,2940,0.3,10,6.0,6.0,8.0
546,200045590,1/31/2017 15:17,0,Congestion ,90,3000,0.3,10,6.0,6.0,8.0
547,200045590,1/31/2017 15:18,0,Congestion ,90,3000,0.3,10,6.0,6.0,8.0
548,200045590,1/31/2017 15:19,0,Congestion ,90,3000,0.3,10,6.0,6.0,8.0
549,200045590,1/31/2017 15:20,0,Congestion ,90,3000,0.3,10,6.0,6.0,8.0
550,200045590,1/31/2017 15:21,0,Congestion ,92,3000,0.3,9,6.0,6.0,8.0
551,200045590,1/31/2017 15:22,0,Congestion ,90,3000,0.3,9,6.0,6.0,8.0
552,200045590,1/31/2017 15:23,0,Congestion ,90,3000,0.3,10,6.0,6.0,8.0
553,200045590,1/31/2017 15:24,0,Congestion ,90,3000,0.3,10,6.0,6.0,8.0
554,200045590,1/31/2017 15:25,0,Congestion ,89,3000,0.3,10,6.0,6.0,8.0
555,200045590,1/31/2017 15:26,0,Congestion ,89,3000,0.3,10,6.0,6.0,8.0
556,200045590,1/31/2017 15:27,0,Congestion ,89,3120,0.3,10,6.0,6.0,8.0
557,200045590,1/31/2017 15:28,1,Congestion ,87,3120,0.3,10,6.0,6.0,8.0
558,200045590,1/31/2017 15:29,1,Congestion ,87,3120,0.3,10,6.0,6.0,8.0
559,200045590,1/31/2017 15:30,1,Congestion ,85,3120,0.3,10,6.0,7.0,8.0
560,200045590,1/31/2017 15:31,1,Congestion ,85,3120,0.3,10,6.0,7.0,8.0
561,200045590,1/31/2017 15:32,1,Congestion ,84,2880,0.3,10,6.0,6.0,8.0
562,200045590,1/31/2017 15:33,1,Congestion ,82,2880,0.3,10,7.0,6.0,8.0
563,200045590,1/31/2017 15:34,1,Congestion ,80,2880,0.3,12,7.0,6.0,8.0
564,200045590,1/31/2017 15:35,1,Congestion ,79,2880,0.3,12,7.0,6.0,9.0
565,200045590,1/31/2017 15:36,1,Congestion ,77,2880,0.4,12,7.0,6.0,9.0
566,200045590,1/31/2017 15:37,1,Congestion ,71,2700,0.4,14,8.0,6.0,9.0
567,200045590,1/31/2017 15:38,1,Congestion ,69,2700,0.4,15,8.0,6.0,9.0
568,200045590,1/31/2017 15:39,1,Congestion ,69,2700,0.4,16,8.0,6.0,9.0
569,200045590,1/31/2017 15:40,1,Congestion ,68,2700,0.4,16,8.0,6.0,9.0
570,200045590,1/31/2017 15:41,1,Congestion ,68,2700,0.4,16,8.0,6.0,9.0
571,200045590,1/31/2017 15:42,1,Congestion ,66,2760,0.4,16,8.0,6.0,9.0
572,200045590,1/31/2017 15:43,1,Congestion ,66,2760,0.4,17,8.0,6.0,9.0
573,200045590,1/31/2017 15:44,1,Congestion ,64,2760,0.4,17,8.0,6.0,9.0
574,200045590,1/31/2017 15:45,1,Congestion ,63,2760,0.4,17,9.0,6.0,9.0
575,200045590,1/31/2017 15:46,1,Congestion ,63,2760,0.4,17,9.0,6.0,9.0
576,200045590,1/31/2017 15:47,1,Congestion ,63,2880,0.4,17,9.0,6.0,9.0
577,200045590,1/31/2017 15:48,1,Congestion ,66,2880,0.4,16,8.0,6.0,9.0
578,200045590,1/31/2017 15:49,1,Congestion ,69,2880,0.4,14,8.0,6.0,9.0
579,200045590,1/31/2017 15:50,1,Congestion ,71,2880,0.4,13,8.0,6.0,9.0
580,200045590,1/31/2017 15:51,1,Congestion ,71,2880,0.4,12,8.0,6.0,9.0
581,200045590,1/31/2017 15:52,1,Congestion ,71,2880,0.4,13,8.0,6.0,9.0
582,200045590,1/31/2017 15:53,1,Congestion ,69,2880,0.4,14,8.0,6.0,9.0
583,200045590,1/31/2017 15:54,1,Congestion ,66,2880,0.5,17,8.0,6.0,9.0
584,200045590,1/31/2017 15:55,1,Congestion ,61,2880,0.5,23,9.0,6.0,9.0
585,200045590,1/31/2017 15:56,1,Congestion ,60,2880,0.6,28,9.0,6.0,9.0
586,200045590,1/31/2017 15:57,1,Congestion ,55,2880,0.5,33,10.0,6.0,9.0
587,200045590,1/31/2017 15:58,1,Congestion ,55,2880,0.6,34,10.0,6.0,9.0
588,200045590,1/31/2017 15:59,1,Congestion ,50,2880,0.5,36,11.0,6.0,9.0
589,200045590,1/31/2017 16:00,1,Congestion ,47,2880,0.6,38,12.0,6.0,10.0
590,200045590,1/31/2017 16:01,1,Congestion ,40,2880,0.6,40,14.0,6.0,10.0
591,200045590,1/31/2017 16:02,1,Congestion ,35,2700,0.5,43,15.0,6.0,10.0
592,200045590,1/31/2017 16:03,1,Congestion ,31,2700,0.5,45,17.0,6.0,10.0
593,200045590,1/31/2017 16:04,1,Congestion ,31,2700,0.5,45,17.0,6.0,10.0
594,200045590,1/31/2017 16:05,1,Congestion ,29,2700,0.5,47,19.0,6.0,10.0
595,200045590,1/31/2017 16:06,1,Congestion ,29,2700,0.4,43,19.0,6.0,10.0
596,200045590,1/31/2017 16:07,1,Congestion ,32,3000,0.4,39,17.0,6.0,10.0
597,200045590,1/31/2017 16:08,1,Congestion ,37,3000,0.3,37,15.0,7.0,10.0
598,200045590,1/31/2017 16:09,1,Congestion ,42,3000,0.3,32,13.0,6.0,10.0
599,200045590,1/31/2017 16:10,1,Congestion ,43,3000,0.3,31,13.0,6.0,10.0
600,200045590,1/31/2017 16:11,1,Congestion ,43,3000,0.3,31,13.0,6.0,10.0
601,200045590,1/31/2017 16:12,1,Congestion ,43,3000,0.3,31,13.0,6.0,10.0
602,200045590,1/31/2017 16:13,1,Congestion ,43,3000,0.4,31,13.0,6.0,10.0
603,200045590,1/31/2017 16:14,1,Congestion ,43,3000,0.4,31,13.0,6.0,10.0
604,200045590,1/31/2017 16:15,1,Congestion ,45,3000,0.4,30,12.0,6.0,10.0
605,200045590,1/31/2017 16:16,1,Congestion ,45,3000,0.4,30,12.0,6.0,10.0
606,200045590,1/31/2017 16:17,1,Congestion ,43,2940,0.4,31,13.0,6.0,10.0
607,200045590,1/31/2017 16:18,1,Congestion ,45,2940,0.4,30,12.0,6.0,10.0
608,200045590,1/31/2017 16:19,1,Congestion ,48,2940,0.4,28,11.0,6.0,10.0
609,200045590,1/31/2017 16:20,1,Congestion ,47,2940,0.4,29,12.0,6.0,11.0
610,200045590,1/31/2017 16:21,1,Congestion ,47,2940,0.4,29,12.0,6.0,11.0
611,200045590,1/31/2017 16:22,1,Congestion ,45,2940,0.4,29,12.0,6.0,11.0
612,200045590,1/31/2017 16:23,1,Congestion ,43,2940,0.4,30,13.0,6.0,11.0
613,200045590,1/31/2017 16:24,1,Congestion ,42,2940,0.4,34,13.0,6.0,11.0
614,200045590,1/31/2017 16:25,1,Congestion ,42,2940,0.4,30,13.0,6.0,11.0
615,200045590,1/31/2017 16:26,1,Congestion ,42,2940,0.4,34,13.0,6.0,11.0
616,200045590,1/31/2017 16:27,1,Congestion ,42,2880,0.4,35,13.0,6.0,11.0
617,200045590,1/31/2017 16:28,1,Congestion ,42,2880,0.4,35,13.0,6.0,11.0
618,200045590,1/31/2017 16:29,1,Congestion ,42,2880,0.5,35,13.0,6.0,11.0
619,200045590,1/31/2017 16:30,1,Congestion ,40,2880,0.4,35,14.0,6.0,11.0
620,200045590,1/31/2017 16:31,1,Congestion ,40,2880,0.4,35,14.0,6.0,11.0
621,200045590,1/31/2017 16:32,1,Congestion ,39,2340,0.4,35,14.0,7.0,11.0
622,200045590,1/31/2017 16:33,1,Congestion ,35,2340,0.5,39,15.0,6.0,11.0
623,200045590,1/31/2017 16:34,1,Congestion ,29,2340,0.5,43,19.0,6.0,11.0
624,200045590,1/31/2017 16:35,1,Congestion ,27,2340,0.5,46,20.0,7.0,11.0
625,200045590,1/31/2017 16:36,1,Congestion ,26,2340,0.5,47,21.0,6.0,11.0
626,200045590,1/31/2017 16:37,1,Congestion ,26,1860,0.5,46,21.0,6.0,11.0
627,200045590,1/31/2017 16:38,1,Congestion ,26,1860,0.4,44,21.0,6.0,11.0
628,200045590,1/31/2017 16:39,1,Congestion ,26,1860,0.5,44,21.0,6.0,11.0
629,200045590,1/31/2017 16:40,1,Congestion ,26,1860,0.5,43,21.0,6.0,11.0
630,200045590,1/31/2017 16:41,1,Congestion ,24,1860,0.5,44,23.0,6.0,11.0
631,200045590,1/31/2017 16:42,1,Congestion ,24,1920,0.5,47,23.0,6.0,11.0
632,200045590,1/31/2017 16:43,1,Congestion ,23,1920,0.6,48,24.0,6.0,11.0
633,200045590,1/31/2017 16:44,1,Congestion ,23,1920,0.6,48,24.0,6.0,11.0
634,200045590,1/31/2017 16:45,1,Congestion ,23,1920,0.6,49,24.0,6.0,11.0
635,200045590,1/31/2017 16:46,1,Congestion ,19,1920,0.6,49,28.0,6.0,11.0
636,200045590,1/31/2017 16:47,1,Congestion ,19,2340,0.5,46,28.0,6.0,11.0
637,200045590,1/31/2017 16:48,1,Congestion ,19,2340,0.5,45,28.0,6.0,11.0
638,200045590,1/31/2017 16:49,1,Congestion ,19,2340,0.5,45,28.0,6.0,11.0
639,200045590,1/31/2017 16:50,1,Congestion ,18,2340,0.5,46,30.0,6.0,11.0
640,200045590,1/31/2017 16:51,1,Congestion ,19,2340,0.5,46,28.0,6.0,11.0
641,200045590,1/31/2017 16:52,1,Congestion ,19,2640,0.5,45,28.0,6.0,11.0
642,200045590,1/31/2017 16:53,1,Congestion ,21,2640,0.4,44,26.0,6.0,11.0
643,200045590,1/31/2017 16:54,1,Congestion ,23,2640,0.4,44,24.0,6.0,11.0
644,200045590,1/31/2017 16:55,1,Congestion ,24,2640,0.3,42,23.0,6.0,11.0
645,200045590,1/31/2017 16:56,1,Congestion ,26,2640,0.3,42,21.0,6.0,11.0
646,200045590,1/31/2017 16:57,1,Congestion ,29,2640,0.3,41,19.0,6.0,11.0
647,200045590,1/31/2017 16:58,1,Congestion ,32,2640,0.4,38,17.0,6.0,11.0
648,200045590,1/31/2017 16:59,1,Congestion ,35,2640,0.4,36,15.0,6.0,11.0
649,200045590,1/31/2017 17:00,1,Congestion ,42,2640,0.3,32,13.0,6.0,11.0
650,200045590,1/31/2017 17:01,1,Congestion ,45,2640,0.4,29,12.0,6.0,11.0
651,200045590,1/31/2017 17:02,1,Congestion ,53,2640,0.4,25,10.0,6.0,11.0
652,200045590,1/31/2017 17:03,1,Congestion ,55,2640,0.4,23,10.0,6.0,11.0
653,200045590,1/31/2017 17:04,1,Congestion ,60,2640,0.4,20,9.0,6.0,11.0
654,200045590,1/31/2017 17:05,1,Congestion ,64,2640,0.4,16,8.0,6.0,11.0
655,200045590,1/31/2017 17:06,1,Congestion ,68,2640,0.4,14,8.0,6.0,11.0
656,200045590,1/31/2017 17:07,1,Congestion ,72,2580,0.4,12,8.0,6.0,11.0
657,200045590,1/31/2017 17:08,1,Congestion ,76,2580,0.4,10,7.0,6.0,11.0
658,200045590,1/31/2017 17:09,1,Congestion ,76,2580,0.4,10,7.0,6.0,11.0
659,200045590,1/31/2017 17:10,1,Congestion ,77,2580,0.4,9,7.0,6.0,11.0
660,200045590,1/31/2017 17:11,1,Congestion ,77,2580,0.4,9,7.0,6.0,11.0
661,200045590,1/31/2017 17:12,0,Congestion ,80,2640,0.4,9,7.0,6.0,11.0
662,200045590,1/31/2017 17:13,0,Congestion ,82,2640,0.4,9,7.0,6.0,11.0
663,200045590,1/31/2017 17:14,0,Congestion ,82,2640,0.4,9,7.0,6.0,11.0
664,200045590,1/31/2017 17:15,0,Congestion ,84,2640,0.4,9,6.0,6.0,11.0
665,200045590,1/31/2017 17:16,0,Congestion ,84,2640,0.4,9,6.0,6.0,11.0
666,200045590,1/31/2017 17:17,0,Congestion ,85,2700,0.4,8,6.0,7.0,11.0
667,200045590,1/31/2017 17:18,0,Congestion ,85,2700,0.4,8,6.0,7.0,11.0
668,200045590,1/31/2017 17:19,0,Congestion ,85,2700,0.4,8,6.0,7.0,11.0
669,200045590,1/31/2017 17:20,0,Congestion ,85,2700,0.4,8,6.0,7.0,11.0
670,200045590,1/31/2017 17:21,0,Congestion ,87,2700,0.4,8,6.0,6.0,11.0
671,200045590,1/31/2017 17:22,0,Congestion ,85,2640,0.4,8,6.0,7.0,11.0
672,200045590,1/31/2017 17:23,0,Congestion ,87,2640,0.4,8,6.0,6.0,11.0
673,200045590,1/31/2017 17:24,0,Congestion ,85,2640,0.4,8,6.0,7.0,11.0
674,200045590,1/31/2017 17:25,0,Congestion ,85,2640,0.4,8,6.0,7.0,10.0
675,200045590,1/31/2017 17:26,0,Congestion ,84,2640,0.4,8,6.0,6.0,10.0
676,200045590,1/31/2017 17:27,0,Congestion ,84,2640,0.4,8,6.0,6.0,10.0
677,200045590,1/31/2017 17:28,0,Congestion ,82,2640,0.4,8,7.0,6.0,10.0
678,200045590,1/31/2017 17:29,0,Congestion ,82,2640,0.4,8,7.0,6.0,10.0
679,200045590,1/31/2017 17:30,0,Congestion ,82,2640,0.4,8,7.0,6.0,10.0
680,200045590,1/31/2017 17:31,0,Congestion ,82,2640,0.4,8,7.0,6.0,10.0
681,200045590,1/31/2017 17:32,0,Congestion ,82,2580,0.4,8,7.0,6.0,10.0
682,200045590,1/31/2017 17:33,0,Congestion ,80,2580,0.4,8,7.0,6.0,10.0
683,200045590,1/31/2017 17:34,0,Congestion ,80,2580,0.4,8,7.0,6.0,10.0
684,200045590,1/31/2017 17:35,0,Congestion ,80,2580,0.4,8,7.0,6.0,10.0
685,200045590,1/31/2017 17:36,0,Congestion ,80,2580,0.4,8,7.0,6.0,10.0
686,200045590,1/31/2017 17:37,0,Congestion ,80,2580,0.4,8,7.0,6.0,10.0
687,200045590,1/31/2017 17:39,0,Congestion ,80,2580,0.4,8,7.0,6.0,10.0
688,200045590,1/31/2017 17:40,0,Congestion ,80,2580,0.4,8,7.0,6.0,9.0
689,200045590,1/31/2017 17:41,0,Congestion ,80,2580,0.4,8,7.0,6.0,9.0
690,200045590,1/31/2017 17:42,0,Congestion ,80,2580,0.4,9,7.0,6.0,9.0
691,200045590,1/31/2017 17:43,0,Congestion ,79,2580,0.4,9,7.0,6.0,9.0
692,200045590,1/31/2017 17:44,0,Congestion ,79,2580,0.4,9,7.0,6.0,9.0
693,200045590,1/31/2017 17:45,0,Congestion ,79,2580,0.4,9,7.0,6.0,9.0
694,200045590,1/31/2017 17:46,0,Congestion ,79,2580,0.4,9,7.0,6.0,9.0
695,200045590,1/31/2017 17:47,0,Congestion ,79,2700,0.4,9,7.0,6.0,9.0
696,200045590,1/31/2017 17:48,0,Congestion ,79,2700,0.4,9,7.0,6.0,9.0
697,200045590,1/31/2017 17:49,0,Congestion ,79,2700,0.4,9,7.0,6.0,9.0
698,200045590,1/31/2017 17:50,0,Congestion ,79,2700,0.4,9,7.0,6.0,9.0
699,200045590,1/31/2017 17:51,0,Congestion ,79,2700,0.4,9,7.0,6.0,9.0
700,200045590,1/31/2017 17:52,0,Congestion ,79,2700,0.3,9,7.0,6.0,9.0
701,200045590,1/31/2017 17:53,0,Congestion ,79,2700,0.3,9,7.0,6.0,9.0
702,200045590,1/31/2017 17:54,0,Congestion ,77,2700,0.3,9,7.0,6.0,9.0
703,200045590,1/31/2017 17:55,0,Congestion ,77,2700,0.3,10,7.0,6.0,8.0
704,200045590,1/31/2017 17:56,0,Congestion ,77,2700,0.3,9,7.0,6.0,8.0
705,200045590,1/31/2017 17:57,0,Congestion ,79,2880,0.4,9,7.0,6.0,8.0
706,200045590,1/31/2017 17:58,0,Congestion ,79,2880,0.4,9,7.0,6.0,8.0
707,200045590,1/31/2017 17:59,0,Congestion ,77,2880,0.4,9,7.0,6.0,8.0
708,200045590,1/31/2017 18:00,0,Congestion ,77,2880,0.4,9,7.0,6.0,8.0
709,200045590,1/31/2017 18:01,0,Congestion ,77,2880,0.4,9,7.0,6.0,8.0
710,200045590,1/31/2017 18:02,0,Congestion ,77,2820,0.4,9,7.0,6.0,8.0
711,200045590,1/31/2017 18:03,0,Congestion ,77,2820,0.4,9,7.0,6.0,8.0
712,200045590,1/31/2017 18:04,0,Congestion ,77,2820,0.4,9,7.0,6.0,8.0
713,200045590,1/31/2017 18:05,0,Congestion ,79,2820,0.4,8,7.0,6.0,8.0
714,200045590,1/31/2017 18:06,0,Congestion ,79,2880,0.4,8,7.0,6.0,8.0
715,200045590,1/31/2017 18:07,0,Congestion ,79,2700,0.4,8,7.0,6.0,8.0
716,200045590,1/31/2017 18:09,0,Congestion ,80,2700,0.4,7,7.0,6.0,8.0
717,200045590,1/31/2017 18:10,0,Congestion ,80,2700,0.4,7,7.0,6.0,8.0
718,200045590,1/31/2017 18:11,0,Congestion ,80,2460,0.4,7,7.0,6.0,8.0
719,200045590,1/31/2017 18:12,0,Congestion ,82,2340,0.5,7,7.0,6.0,8.0
720,200045590,1/31/2017 18:13,0,Congestion ,82,2340,0.5,7,7.0,6.0,8.0
721,200045590,1/31/2017 18:14,0,Congestion ,82,2340,0.5,7,7.0,6.0,8.0
722,200045590,1/31/2017 18:15,0,Congestion ,82,2340,0.5,7,7.0,6.0,7.0
723,200045590,1/31/2017 18:16,0,Congestion ,82,2220,0.5,7,7.0,6.0,7.0
724,200045590,1/31/2017 18:17,0,Congestion ,82,2220,0.5,7,7.0,6.0,7.0
725,200045590,1/31/2017 18:18,0,Congestion ,82,2220,0.5,7,7.0,6.0,7.0
726,200045590,1/31/2017 18:19,0,Congestion ,82,2220,0.5,7,7.0,6.0,7.0
727,200045590,1/31/2017 18:20,0,Congestion ,80,2220,0.5,7,7.0,6.0,7.0
728,200045590,1/31/2017 18:21,0,Congestion ,80,2220,0.5,7,7.0,6.0,7.0
729,200045590,1/31/2017 18:22,0,Congestion ,82,2220,0.5,7,7.0,6.0,7.0
730,200045590,1/31/2017 18:23,0,Congestion ,80,2220,0.5,7,7.0,6.0,7.0
731,200045590,1/31/2017 18:24,0,Congestion ,80,2220,0.5,7,7.0,6.0,7.0
732,200045590,1/31/2017 18:25,0,Congestion ,80,2220,0.5,7,7.0,6.0,7.0
733,200045590,1/31/2017 18:26,0,Congestion ,80,2280,0.5,7,7.0,6.0,7.0
734,200045590,1/31/2017 18:27,0,Congestion ,80,2280,0.5,7,7.0,6.0,7.0
735,200045590,1/31/2017 18:28,0,Congestion ,82,2280,0.5,7,7.0,6.0,7.0
736,200045590,1/31/2017 18:29,0,Congestion ,82,2280,0.5,7,7.0,6.0,7.0
737,200045590,1/31/2017 18:30,0,Congestion ,82,2280,0.5,7,7.0,6.0,7.0
738,200045590,1/31/2017 18:31,0,Congestion ,84,2280,0.5,7,6.0,6.0,7.0
739,200045590,1/31/2017 18:32,0,Congestion ,84,2280,0.5,7,6.0,6.0,7.0
740,200045590,1/31/2017 18:33,0,Congestion ,84,2280,0.5,7,6.0,6.0,7.0
741,200045590,1/31/2017 18:34,0,Congestion ,84,2280,0.5,7,6.0,6.0,7.0
742,200045590,1/31/2017 18:35,0,Congestion ,84,2280,0.5,7,6.0,6.0,7.0
743,200045590,1/31/2017 18:36,0,Congestion ,84,2280,0.5,7,6.0,6.0,7.0
744,200045590,1/31/2017 18:37,0,Congestion ,84,2280,0.5,7,6.0,6.0,7.0
745,200045590,1/31/2017 18:38,0,Congestion ,84,2280,0.5,7,6.0,6.0,7.0
746,200045590,1/31/2017 18:39,0,Congestion ,84,2280,0.5,7,6.0,6.0,7.0
747,200045590,1/31/2017 18:40,0,Congestion ,84,2280,0.5,7,6.0,6.0,7.0
748,200045590,1/31/2017 18:41,0,Congestion ,84,2280,0.5,7,6.0,6.0,7.0
749,200045590,1/31/2017 18:42,0,Congestion ,84,2340,0.5,7,6.0,6.0,7.0
750,200045590,1/31/2017 18:43,0,Congestion ,82,2340,0.5,7,7.0,6.0,7.0
751,200045590,1/31/2017 18:44,0,Congestion ,82,2340,0.5,7,7.0,6.0,7.0
752,200045590,1/31/2017 18:45,0,Congestion ,82,2340,0.5,7,7.0,6.0,7.0
753,200045590,1/31/2017 18:46,0,Congestion ,82,2340,0.5,7,7.0,6.0,7.0
754,200045590,1/31/2017 18:47,0,Congestion ,82,2400,0.5,7,7.0,6.0,7.0
755,200045590,1/31/2017 18:48,0,Congestion ,82,2400,0.5,7,7.0,6.0,7.0
756,200045590,1/31/2017 18:49,0,Congestion ,82,2400,0.5,7,7.0,6.0,7.0
757,200045590,1/31/2017 18:50,0,Congestion ,82,2400,0.5,7,7.0,6.0,7.0
758,200045590,1/31/2017 18:51,0,Congestion ,84,2460,0.5,7,6.0,6.0,7.0
759,200045590,1/31/2017 18:52,0,Congestion ,84,2400,0.5,7,6.0,6.0,7.0
760,200045590,1/31/2017 18:53,0,Congestion ,84,2400,0.5,7,6.0,6.0,7.0
761,200045590,1/31/2017 18:54,0,Congestion ,84,2400,0.5,7,6.0,6.0,7.0
762,200045590,1/31/2017 18:55,0,Congestion ,82,2400,0.5,7,7.0,6.0,6.0
763,200045590,1/31/2017 18:56,0,Congestion ,82,2400,0.5,7,7.0,6.0,6.0
764,200045590,1/31/2017 18:57,0,Congestion ,84,2400,0.5,7,6.0,6.0,6.0
765,200045590,1/31/2017 18:58,0,Congestion ,85,2400,0.5,7,6.0,7.0,7.0
766,200045590,1/31/2017 18:59,0,Congestion ,85,2400,0.5,7,6.0,7.0,7.0
767,200045590,1/31/2017 19:00,0,Congestion ,87,2400,0.5,6,6.0,6.0,6.0
768,200045590,1/31/2017 19:01,0,Congestion ,87,2040,0.6,6,6.0,6.0,6.0
769,200045590,1/31/2017 19:02,0,Congestion ,87,1920,0.6,6,6.0,6.0,6.0
770,200045590,1/31/2017 19:03,0,Congestion ,89,1920,0.6,6,6.0,6.0,6.0
771,200045590,1/31/2017 19:04,0,Congestion ,89,1920,0.7,6,6.0,6.0,6.0
772,200045590,1/31/2017 19:06,0,Congestion ,89,1740,0.9,5,6.0,6.0,6.0
773,200045590,1/31/2017 19:07,0,Congestion ,90,1740,0.8,5,6.0,6.0,6.0
774,200045590,1/31/2017 19:08,0,Congestion ,92,1740,1.0,5,6.0,6.0,6.0
775,200045590,1/31/2017 19:09,0,Congestion ,92,1740,1.0,5,6.0,6.0,6.0
776,200045590,1/31/2017 19:10,0,Congestion ,93,1740,1.1,4,6.0,6.0,6.0
777,200045590,1/31/2017 19:11,0,Congestion ,93,1380,1.1,4,6.0,6.0,6.0
778,200045590,1/31/2017 19:12,0,Congestion ,93,1020,1.1,4,6.0,6.0,6.0
779,200045590,1/31/2017 19:14,0,Congestion ,92,1020,1.2,4,6.0,6.0,6.0
780,200045590,1/31/2017 19:15,0,Congestion ,93,1020,1.1,4,6.0,6.0,6.0
781,200045590,1/31/2017 19:19,0,Congestion ,93,1140,0.7,5,6.0,6.0,6.0
782,200045590,1/31/2017 19:20,0,Congestion ,93,1140,0.7,6,6.0,6.0,6.0
783,200045590,1/31/2017 19:21,0,Congestion ,92,1140,0.7,6,6.0,6.0,6.0
784,200045590,1/31/2017 19:22,0,Congestion ,90,1140,0.6,7,6.0,6.0,6.0
785,200045590,1/31/2017 19:24,0,Congestion ,90,1140,0.4,7,6.0,6.0,6.0
786,200045590,1/31/2017 19:25,0,Congestion ,90,1140,0.4,7,6.0,6.0,6.0
787,200045590,1/31/2017 19:27,0,Congestion ,90,2700,0.4,8,6.0,6.0,6.0
788,200045590,1/31/2017 19:28,0,Congestion ,90,2700,0.4,8,6.0,6.0,6.0
789,200045590,1/31/2017 19:29,0,Congestion ,89,2700,0.4,8,6.0,6.0,6.0
790,200045590,1/31/2017 19:30,0,Congestion ,89,2700,0.4,8,6.0,6.0,6.0
791,200045590,1/31/2017 19:31,0,Congestion ,89,2700,0.4,9,6.0,6.0,6.0
792,200045590,1/31/2017 19:32,0,Congestion ,90,2640,0.4,8,6.0,6.0,6.0
793,200045590,1/31/2017 19:33,0,Congestion ,89,2640,0.4,8,6.0,6.0,6.0
794,200045590,1/31/2017 19:34,0,Congestion ,90,2640,0.4,8,6.0,6.0,6.0
795,200045590,1/31/2017 19:37,0,Congestion ,90,2700,0.5,7,6.0,6.0,6.0
796,200045590,1/31/2017 19:38,0,Congestion ,90,2700,0.5,7,6.0,6.0,6.0
797,200045590,1/31/2017 19:40,0,Congestion ,90,2700,0.5,7,6.0,6.0,6.0
798,200045590,1/31/2017 19:43,0,Congestion ,90,1860,0.8,6,6.0,6.0,6.0
799,200045590,1/31/2017 19:46,0,Congestion ,92,1860,0.9,6,6.0,6.0,6.0
800,200045590,1/31/2017 19:47,0,Congestion ,92,1860,0.8,6,6.0,6.0,6.0
801,200045590,1/31/2017 19:48,0,Congestion ,90,1860,0.8,6,6.0,6.0,6.0
802,200045590,1/31/2017 19:49,0,Congestion ,90,1860,0.7,6,6.0,6.0,6.0
803,200045590,1/31/2017 19:50,0,Congestion ,90,1860,0.9,6,6.0,6.0,6.0
804,200045590,1/31/2017 19:51,0,Congestion ,90,1800,0.7,6,6.0,6.0,6.0
805,200045590,1/31/2017 19:52,0,Congestion ,92,1800,0.9,6,6.0,6.0,6.0
806,200045590,1/31/2017 19:53,0,Congestion ,92,1800,0.9,6,6.0,6.0,6.0
807,200045590,1/31/2017 19:55,0,Congestion ,90,1800,0.7,6,6.0,6.0,6.0
808,200045590,1/31/2017 19:57,0,Congestion ,90,1860,0.7,6,6.0,6.0,6.0
809,200045590,1/31/2017 19:58,0,Congestion ,90,1860,0.7,6,6.0,6.0,6.0
810,200045590,1/31/2017 19:59,0,Congestion ,90,1860,0.7,6,6.0,6.0,6.0
811,200045590,1/31/2017 20:00,0,Congestion ,90,1860,0.7,6,6.0,6.0,6.0
812,200045590,1/31/2017 20:01,0,Congestion ,90,1920,0.7,6,6.0,6.0,6.0
813,200045590,1/31/2017 20:02,0,Congestion ,90,1800,0.7,6,6.0,6.0,6.0
814,200045590,1/31/2017 20:05,0,Congestion ,90,1800,0.7,6,6.0,6.0,6.0
815,200045590,1/31/2017 20:06,0,Congestion ,90,1800,0.7,6,6.0,6.0,6.0
816,200045590,1/31/2017 20:07,0,Congestion ,92,1800,0.9,6,6.0,6.0,6.0
817,200045590,1/31/2017 20:08,0,Congestion ,92,1800,0.9,6,6.0,6.0,6.0
818,200045590,1/31/2017 20:09,0,Congestion ,92,1800,0.9,6,6.0,6.0,6.0
819,200045590,1/31/2017 20:10,0,Congestion ,92,1800,0.9,6,6.0,6.0,6.0
820,200045590,1/31/2017 20:12,0,Congestion ,92,1680,0.9,6,6.0,6.0,6.0
821,200045590,1/31/2017 20:13,0,Congestion ,92,1680,0.9,6,6.0,6.0,6.0
822,200045590,1/31/2017 20:14,0,Congestion ,92,1680,1.0,6,6.0,6.0,6.0
